timestamp,stage,trade_id,trade_type,signal,symbol,token,entry,ltp,nifty,qty,sl,target,peak,capital,daily_pnl
2026-05-25T09:48:55,LTP,OK20260525094844,HALF,PE,NIFTY26MAY2623900PE,72176,85.7,88.0,23927.85,585,77.13,98.555,85.7,131028.35450453451,0.0
2026-05-25T09:49:06,LTP,OK20260525094844,HALF,PE,NIFTY26MAY2623900PE,72176,85.7,84.85,23930.55,585,77.13,98.555,85.7,131028.35450453451,0.0
2026-05-25T09:49:17,LTP,OK20260525094844,HALF,PE,NIFTY26MAY2623900PE,72176,85.7,85.45,23928.75,585,77.13,98.555,85.7,131028.35450453451,0.0
2026-05-25T09:49:29,LTP,OK20260525094844,HALF,PE,NIFTY26MAY2623900PE,72176,85.7,85.25,23930.35,585,77.13,98.555,85.7,131028.35450453451,0.0
2026-05-25T09:49:40,LTP,OK20260525094844,HALF,PE,NIFTY26MAY2623900PE,72176,85.7,83.75,23933.8,585,77.13,98.555,85.7,131028.35450453451,0.0
2026-05-25T09:49:51,LTP,OK20260525094844,HALF,PE,NIFTY26MAY2623900PE,72176,85.7,82.2,23938.65,585,77.13,98.555,85.7,131028.35450453451,0.0
2026-05-25T09:50:02,LTP,OK20260525094844,HALF,PE,NIFTY26MAY2623900PE,72176,85.7,83.3,23937.9,585,77.13,98.555,85.7,131028.35450453451,0.0
2026-05-25T09:50:12,LTP,OK20260525094844,HALF,PE,NIFTY26MAY2623900PE,72176,85.7,83.3,23935.85,585,77.13,98.555,85.7,131028.35450453451,0.0
2026-05-25T09:50:23,LTP,OK20260525094844,HALF,PE,NIFTY26MAY2623900PE,72176,85.7,82.65,23939.6,585,77.13,98.555,85.7,131028.35450453451,0.0
2026-05-25T09:50:34,LTP,OK20260525094844,HALF,PE,NIFTY26MAY2623900PE,72176,85.7,82.5,23939.15,585,77.13,98.555,85.7,131028.35450453451,0.0
2026-05-25T09:50:45,LTP,OK20260525094844,HALF,PE,NIFTY26MAY2623900PE,72176,85.7,84.0,23937.5,585,77.13,98.555,85.7,131028.35450453451,0.0
2026-05-25T09:50:56,LTP,OK20260525094844,HALF,PE,NIFTY26MAY2623900PE,72176,85.7,83.8,23937.35,585,77.13,98.555,85.7,131028.35450453451,0.0
2026-05-25T09:51:06,LTP,OK20260525094844,HALF,PE,NIFTY26MAY2623900PE,72176,85.7,83.6,23936.65,585,77.13,98.555,85.7,131028.35450453451,0.0
2026-05-25T09:51:17,LTP,OK20260525094844,HALF,PE,NIFTY26MAY2623900PE,72176,85.7,81.55,23939.7,585,77.13,98.555,85.7,131028.35450453451,0.0
2026-05-25T09:51:28,LTP,OK20260525094844,HALF,PE,NIFTY26MAY2623900PE,72176,85.7,79.4,23943.4,585,77.13,98.555,85.7,131028.35450453451,0.0
2026-05-25T09:51:39,LTP,OK20260525094844,HALF,PE,NIFTY26MAY2623900PE,72176,85.7,79.5,23944.0,585,77.13,98.555,85.7,131028.35450453451,0.0
2026-05-25T09:51:51,LTP,OK20260525094844,HALF,PE,NIFTY26MAY2623900PE,72176,85.7,81.05,23940.9,585,77.13,98.555,85.7,131028.35450453451,0.0
2026-05-25T09:52:02,LTP,OK20260525094844,HALF,PE,NIFTY26MAY2623900PE,72176,85.7,80.7,23940.75,585,77.13,98.555,85.7,131028.35450453451,0.0
2026-05-25T09:52:12,LTP,OK20260525094844,HALF,PE,NIFTY26MAY2623900PE,72176,85.7,82.15,23936.8,585,77.13,98.555,85.7,131028.35450453451,0.0
2026-05-25T09:52:23,LTP,OK20260525094844,HALF,PE,NIFTY26MAY2623900PE,72176,85.7,82.75,23937.5,585,77.13,98.555,85.7,131028.35450453451,0.0
2026-05-25T09:52:34,LTP,OK20260525094844,HALF,PE,NIFTY26MAY2623900PE,72176,85.7,85.4,23933.0,585,77.13,98.555,85.7,131028.35450453451,0.0
2026-05-25T09:52:45,LTP,OK20260525094844,HALF,PE,NIFTY26MAY2623900PE,72176,85.7,85.2,23930.15,585,77.13,98.555,85.7,131028.35450453451,0.0
2026-05-25T09:52:56,LTP,OK20260525094844,HALF,PE,NIFTY26MAY2623900PE,72176,85.7,83.45,23934.15,585,77.13,98.555,85.7,131028.35450453451,0.0
2026-05-25T09:53:07,LTP,OK20260525094844,HALF,PE,NIFTY26MAY2623900PE,72176,85.7,83.45,23935.55,585,77.13,98.555,85.7,131028.35450453451,0.0
2026-05-25T09:53:17,LTP,OK20260525094844,HALF,PE,NIFTY26MAY2623900PE,72176,85.7,83.15,23934.35,585,77.13,98.555,85.7,131028.35450453451,0.0
2026-05-25T09:53:28,LTP,OK20260525094844,HALF,PE,NIFTY26MAY2623900PE,72176,85.7,80.55,23938.35,585,77.13,98.555,85.7,131028.35450453451,0.0
2026-05-25T09:53:39,LTP,OK20260525094844,HALF,PE,NIFTY26MAY2623900PE,72176,85.7,84.2,23933.85,585,77.13,98.555,85.7,131028.35450453451,0.0
2026-05-25T09:53:50,LTP,OK20260525094844,HALF,PE,NIFTY26MAY2623900PE,72176,85.7,85.8,23931.55,585,77.13,98.555,85.7,131028.35450453451,0.0
2026-05-25T09:54:00,LTP,OK20260525094844,HALF,PE,NIFTY26MAY2623900PE,72176,85.7,87.2,23930.0,585,77.13,98.555,85.7,131028.35450453451,0.0
2026-05-25T09:54:11,LTP,OK20260525094844,HALF,PE,NIFTY26MAY2623900PE,72176,85.7,84.15,23930.15,585,77.13,98.555,85.7,131028.35450453451,0.0
2026-05-25T09:54:24,LTP,OK20260525094844,HALF,PE,NIFTY26MAY2623900PE,72176,85.7,84.6,23931.75,585,77.13,98.555,85.7,131028.35450453451,0.0
2026-05-25T09:54:35,LTP,OK20260525094844,HALF,PE,NIFTY26MAY2623900PE,72176,85.7,83.5,23933.3,585,77.13,98.555,85.7,131028.35450453451,0.0
2026-05-25T09:54:47,LTP,OK20260525094844,HALF,PE,NIFTY26MAY2623900PE,72176,85.7,83.65,23935.9,585,77.13,98.555,85.7,131028.35450453451,0.0
2026-05-25T09:54:58,LTP,OK20260525094844,HALF,PE,NIFTY26MAY2623900PE,72176,85.7,82.5,23937.2,585,77.13,98.555,85.7,131028.35450453451,0.0
2026-05-25T09:55:09,LTP,OK20260525094844,HALF,PE,NIFTY26MAY2623900PE,72176,85.7,82.35,23938.6,585,77.13,98.555,85.7,131028.35450453451,0.0
2026-05-25T09:55:19,LTP,OK20260525094844,HALF,PE,NIFTY26MAY2623900PE,72176,85.7,85.7,23930.2,585,77.13,98.555,85.7,131028.35450453451,0.0
2026-05-25T09:55:30,LTP,OK20260525094844,HALF,PE,NIFTY26MAY2623900PE,72176,85.7,85.25,23932.25,585,77.13,98.555,85.7,131028.35450453451,0.0
2026-05-25T09:55:41,LTP,OK20260525094844,HALF,PE,NIFTY26MAY2623900PE,72176,85.7,85.0,23930.75,585,77.13,98.555,85.7,131028.35450453451,0.0
2026-05-25T09:55:52,LTP,OK20260525094844,HALF,PE,NIFTY26MAY2623900PE,72176,85.7,85.95,23929.5,585,77.13,98.555,85.7,131028.35450453451,0.0
2026-05-25T09:56:03,LTP,OK20260525094844,HALF,PE,NIFTY26MAY2623900PE,72176,85.7,83.65,23931.15,585,77.13,98.555,85.7,131028.35450453451,0.0
2026-05-25T09:56:14,LTP,OK20260525094844,HALF,PE,NIFTY26MAY2623900PE,72176,85.7,83.25,23932.65,585,77.13,98.555,85.7,131028.35450453451,0.0
2026-05-25T09:56:25,LTP,OK20260525094844,HALF,PE,NIFTY26MAY2623900PE,72176,85.7,81.95,23932.95,585,77.13,98.555,85.7,131028.35450453451,0.0
2026-05-25T09:56:35,LTP,OK20260525094844,HALF,PE,NIFTY26MAY2623900PE,72176,85.7,82.45,23935.15,585,77.13,98.555,85.7,131028.35450453451,0.0
2026-05-25T09:56:46,LTP,OK20260525094844,HALF,PE,NIFTY26MAY2623900PE,72176,85.7,81.9,23935.35,585,77.13,98.555,85.7,131028.35450453451,0.0
2026-05-25T09:56:57,LTP,OK20260525094844,HALF,PE,NIFTY26MAY2623900PE,72176,85.7,82.6,23935.15,585,77.13,98.555,85.7,131028.35450453451,0.0
2026-05-25T09:57:08,LTP,OK20260525094844,HALF,PE,NIFTY26MAY2623900PE,72176,85.7,82.4,23934.85,585,77.13,98.555,85.7,131028.35450453451,0.0
2026-05-25T09:57:18,LTP,OK20260525094844,HALF,PE,NIFTY26MAY2623900PE,72176,85.7,82.95,23933.45,585,77.13,98.555,85.7,131028.35450453451,0.0
2026-05-25T09:57:29,LTP,OK20260525094844,HALF,PE,NIFTY26MAY2623900PE,72176,85.7,82.7,23934.0,585,77.13,98.555,85.7,131028.35450453451,0.0
2026-05-25T09:57:40,LTP,OK20260525094844,HALF,PE,NIFTY26MAY2623900PE,72176,85.7,79.35,23938.5,585,77.13,98.555,85.7,131028.35450453451,0.0
2026-05-25T09:57:52,LTP,OK20260525094844,HALF,PE,NIFTY26MAY2623900PE,72176,85.7,80.8,23938.35,585,77.13,98.555,85.7,131028.35450453451,0.0
2026-05-25T09:58:03,LTP,OK20260525094844,HALF,PE,NIFTY26MAY2623900PE,72176,85.7,81.8,23937.05,585,77.13,98.555,85.7,131028.35450453451,0.0
2026-05-25T09:58:14,LTP,OK20260525094844,HALF,PE,NIFTY26MAY2623900PE,72176,85.7,82.15,23936.05,585,77.13,98.555,85.7,131028.35450453451,0.0
2026-05-25T09:58:24,LTP,OK20260525094844,HALF,PE,NIFTY26MAY2623900PE,72176,85.7,81.7,23936.8,585,77.13,98.555,85.7,131028.35450453451,0.0
2026-05-25T09:58:35,LTP,OK20260525094844,HALF,PE,NIFTY26MAY2623900PE,72176,85.7,81.6,23936.35,585,77.13,98.555,85.7,131028.35450453451,0.0
2026-05-25T09:58:46,LTP,OK20260525094844,HALF,PE,NIFTY26MAY2623900PE,72176,85.7,80.4,23939.05,585,77.13,98.555,85.7,131028.35450453451,0.0
2026-05-25T09:58:57,LTP,OK20260525094844,HALF,PE,NIFTY26MAY2623900PE,72176,85.7,80.9,23937.7,585,77.13,98.555,85.7,131028.35450453451,0.0
2026-05-25T09:59:08,LTP,OK20260525094844,HALF,PE,NIFTY26MAY2623900PE,72176,85.7,80.95,23936.8,585,77.13,98.555,85.7,131028.35450453451,0.0
2026-05-25T09:59:18,LTP,OK20260525094844,HALF,PE,NIFTY26MAY2623900PE,72176,85.7,81.0,23937.45,585,77.13,98.555,85.7,131028.35450453451,0.0
2026-05-25T09:59:29,LTP,OK20260525094844,HALF,PE,NIFTY26MAY2623900PE,72176,85.7,81.95,23935.95,585,77.13,98.555,85.7,131028.35450453451,0.0
2026-05-25T09:59:40,LTP,OK20260525094844,HALF,PE,NIFTY26MAY2623900PE,72176,85.7,81.5,23934.2,585,77.13,98.555,85.7,131028.35450453451,0.0
2026-05-25T09:59:51,LTP,OK20260525094844,HALF,PE,NIFTY26MAY2623900PE,72176,85.7,80.65,23935.25,585,77.13,98.555,85.7,131028.35450453451,0.0
2026-05-25T10:00:01,LTP,OK20260525094844,HALF,PE,NIFTY26MAY2623900PE,72176,85.7,79.2,23938.65,585,77.13,98.555,85.7,131028.35450453451,0.0
2026-05-25T10:36:16,LTP,OK20260525103604,HALF,CE,NIFTY26MAY2624000CE,72179,97.05,96.9,23980.45,520,87.345,111.6075,97.05,131028.35450453451,0.0
2026-05-25T10:36:27,LTP,OK20260525103604,HALF,CE,NIFTY26MAY2624000CE,72179,97.05,97.15,23981.35,520,87.345,111.6075,97.05,131028.35450453451,0.0
2026-05-25T10:36:38,LTP,OK20260525103604,HALF,CE,NIFTY26MAY2624000CE,72179,97.05,96.8,23979.25,520,87.345,111.6075,97.05,131028.35450453451,0.0
2026-05-25T10:36:49,LTP,OK20260525103604,HALF,CE,NIFTY26MAY2624000CE,72179,97.05,97.45,23981.4,520,87.345,111.6075,97.05,131028.35450453451,0.0
2026-05-25T10:37:00,LTP,OK20260525103604,HALF,CE,NIFTY26MAY2624000CE,72179,97.05,97.95,23983.3,520,87.345,111.6075,97.05,131028.35450453451,0.0
2026-05-25T10:37:10,LTP,OK20260525103604,HALF,CE,NIFTY26MAY2624000CE,72179,97.05,98.45,23984.6,520,87.345,111.6075,97.05,131028.35450453451,0.0
2026-05-25T10:37:21,LTP,OK20260525103604,HALF,CE,NIFTY26MAY2624000CE,72179,97.05,97.65,23983.05,520,87.345,111.6075,97.05,131028.35450453451,0.0
2026-05-25T10:37:32,LTP,OK20260525103604,HALF,CE,NIFTY26MAY2624000CE,72179,97.05,99.2,23986.85,520,87.345,111.6075,97.05,131028.35450453451,0.0
2026-05-25T10:37:43,LTP,OK20260525103604,HALF,CE,NIFTY26MAY2624000CE,72179,97.05,99.0,23985.95,520,87.345,111.6075,97.05,131028.35450453451,0.0
2026-05-25T10:37:54,LTP,OK20260525103604,HALF,CE,NIFTY26MAY2624000CE,72179,97.05,99.0,23987.65,520,87.345,111.6075,97.05,131028.35450453451,0.0
2026-05-25T10:38:04,LTP,OK20260525103604,HALF,CE,NIFTY26MAY2624000CE,72179,97.05,99.45,23987.4,520,87.345,111.6075,97.05,131028.35450453451,0.0
2026-05-25T10:38:15,LTP,OK20260525103604,HALF,CE,NIFTY26MAY2624000CE,72179,97.05,99.2,23988.15,520,87.345,111.6075,97.05,131028.35450453451,0.0
2026-05-25T10:38:26,LTP,OK20260525103604,HALF,CE,NIFTY26MAY2624000CE,72179,97.05,98.2,23985.95,520,87.345,111.6075,97.05,131028.35450453451,0.0
2026-05-25T10:38:37,LTP,OK20260525103604,HALF,CE,NIFTY26MAY2624000CE,72179,97.05,98.4,23986.25,520,87.345,111.6075,97.05,131028.35450453451,0.0
2026-05-25T10:38:48,LTP,OK20260525103604,HALF,CE,NIFTY26MAY2624000CE,72179,97.05,98.35,23986.35,520,87.345,111.6075,97.05,131028.35450453451,0.0
2026-05-25T10:38:59,LTP,OK20260525103604,HALF,CE,NIFTY26MAY2624000CE,72179,97.05,97.3,23985.35,520,87.345,111.6075,97.05,131028.35450453451,0.0
2026-05-25T10:39:10,LTP,OK20260525103604,HALF,CE,NIFTY26MAY2624000CE,72179,97.05,97.1,23984.25,520,87.345,111.6075,97.05,131028.35450453451,0.0
2026-05-25T10:39:21,LTP,OK20260525103604,HALF,CE,NIFTY26MAY2624000CE,72179,97.05,96.05,23984.5,520,87.345,111.6075,97.05,131028.35450453451,0.0
2026-05-25T10:39:32,LTP,OK20260525103604,HALF,CE,NIFTY26MAY2624000CE,72179,97.05,95.8,23983.8,520,87.345,111.6075,97.05,131028.35450453451,0.0
2026-05-25T10:39:43,LTP,OK20260525103604,HALF,CE,NIFTY26MAY2624000CE,72179,97.05,96.0,23984.15,520,87.345,111.6075,97.05,131028.35450453451,0.0
2026-05-25T10:39:54,LTP,OK20260525103604,HALF,CE,NIFTY26MAY2624000CE,72179,97.05,96.9,23984.8,520,87.345,111.6075,97.05,131028.35450453451,0.0
2026-05-25T10:40:06,LTP,OK20260525103604,HALF,CE,NIFTY26MAY2624000CE,72179,97.05,98.35,23986.9,520,87.345,111.6075,97.05,131028.35450453451,0.0
2026-05-25T10:40:17,LTP,OK20260525103604,HALF,CE,NIFTY26MAY2624000CE,72179,97.05,99.0,23987.85,520,87.345,111.6075,97.05,131028.35450453451,0.0
2026-05-25T10:40:28,LTP,OK20260525103604,HALF,CE,NIFTY26MAY2624000CE,72179,97.05,99.3,23987.9,520,87.345,111.6075,97.05,131028.35450453451,0.0
2026-05-25T10:40:38,LTP,OK20260525103604,HALF,CE,NIFTY26MAY2624000CE,72179,97.05,102.25,23991.8,520,87.345,111.6075,97.05,131028.35450453451,0.0
2026-05-25T10:40:49,LTP,OK20260525103604,HALF,CE,NIFTY26MAY2624000CE,72179,97.05,100.65,23989.25,520,102.23332490886924,111.6075,97.05,131028.35450453451,0.0
2026-05-25T10:46:08,LTP,OK20260525104557,HALF,CE,NIFTY26MAY2624000CE,72179,98.05,98.35,23986.3,520,88.245,112.7575,98.05,132729.9232556665,1701.5687511320045
2026-05-25T10:46:19,LTP,OK20260525104557,HALF,CE,NIFTY26MAY2624000CE,72179,98.05,99.5,23989.95,520,88.245,112.7575,98.05,132729.9232556665,1701.5687511320045
2026-05-25T10:46:30,LTP,OK20260525104557,HALF,CE,NIFTY26MAY2624000CE,72179,98.05,101.35,23991.75,520,88.245,112.7575,98.05,132729.9232556665,1701.5687511320045
2026-05-25T10:46:41,LTP,OK20260525104557,HALF,CE,NIFTY26MAY2624000CE,72179,98.05,101.0,23992.5,520,88.245,112.7575,98.05,132729.9232556665,1701.5687511320045
2026-05-25T10:46:52,LTP,OK20260525104557,HALF,CE,NIFTY26MAY2624000CE,72179,98.05,101.3,23993.0,520,88.245,112.7575,98.05,132729.9232556665,1701.5687511320045
2026-05-25T10:47:03,LTP,OK20260525104557,HALF,CE,NIFTY26MAY2624000CE,72179,98.05,102.0,23994.15,520,88.245,112.7575,98.05,132729.9232556665,1701.5687511320045
2026-05-25T10:47:14,LTP,OK20260525104557,HALF,CE,NIFTY26MAY2624000CE,72179,98.05,100.85,23993.05,520,88.245,112.7575,98.05,132729.9232556665,1701.5687511320045
2026-05-25T10:47:25,LTP,OK20260525104557,HALF,CE,NIFTY26MAY2624000CE,72179,98.05,100.3,23991.6,520,88.245,112.7575,98.05,132729.9232556665,1701.5687511320045
2026-05-25T10:47:35,LTP,OK20260525104557,HALF,CE,NIFTY26MAY2624000CE,72179,98.05,100.5,23992.1,520,88.245,112.7575,98.05,132729.9232556665,1701.5687511320045
2026-05-25T10:47:46,LTP,OK20260525104557,HALF,CE,NIFTY26MAY2624000CE,72179,98.05,99.35,23989.7,520,88.245,112.7575,98.05,132729.9232556665,1701.5687511320045
2026-05-25T10:47:57,LTP,OK20260525104557,HALF,CE,NIFTY26MAY2624000CE,72179,98.05,99.2,23989.0,520,88.245,112.7575,98.05,132729.9232556665,1701.5687511320045
2026-05-25T10:48:08,LTP,OK20260525104557,HALF,CE,NIFTY26MAY2624000CE,72179,98.05,99.85,23988.35,520,88.245,112.7575,98.05,132729.9232556665,1701.5687511320045
2026-05-25T10:48:19,LTP,OK20260525104557,HALF,CE,NIFTY26MAY2624000CE,72179,98.05,98.95,23987.95,520,88.245,112.7575,98.05,132729.9232556665,1701.5687511320045
2026-05-25T10:48:30,LTP,OK20260525104557,HALF,CE,NIFTY26MAY2624000CE,72179,98.05,98.9,23989.75,520,88.245,112.7575,98.05,132729.9232556665,1701.5687511320045
2026-05-25T10:48:41,LTP,OK20260525104557,HALF,CE,NIFTY26MAY2624000CE,72179,98.05,97.85,23988.8,520,88.245,112.7575,98.05,132729.9232556665,1701.5687511320045
2026-05-25T10:48:52,LTP,OK20260525104557,HALF,CE,NIFTY26MAY2624000CE,72179,98.05,98.15,23990.25,520,88.245,112.7575,98.05,132729.9232556665,1701.5687511320045
2026-05-25T10:49:03,LTP,OK20260525104557,HALF,CE,NIFTY26MAY2624000CE,72179,98.05,97.65,23988.5,520,88.245,112.7575,98.05,132729.9232556665,1701.5687511320045
2026-05-25T10:49:14,LTP,OK20260525104557,HALF,CE,NIFTY26MAY2624000CE,72179,98.05,97.25,23986.9,520,88.245,112.7575,98.05,132729.9232556665,1701.5687511320045
2026-05-25T10:49:25,LTP,OK20260525104557,HALF,CE,NIFTY26MAY2624000CE,72179,98.05,97.0,23986.45,520,88.245,112.7575,98.05,132729.9232556665,1701.5687511320045
2026-05-25T10:49:36,LTP,OK20260525104557,HALF,CE,NIFTY26MAY2624000CE,72179,98.05,96.55,23987.25,520,88.245,112.7575,98.05,132729.9232556665,1701.5687511320045
2026-05-25T10:49:47,LTP,OK20260525104557,HALF,CE,NIFTY26MAY2624000CE,72179,98.05,95.05,23985.45,520,88.245,112.7575,98.05,132729.9232556665,1701.5687511320045
2026-05-25T10:49:58,LTP,OK20260525104557,HALF,CE,NIFTY26MAY2624000CE,72179,98.05,97.55,23986.25,520,88.245,112.7575,98.05,132729.9232556665,1701.5687511320045
2026-05-25T10:50:08,LTP,OK20260525104557,HALF,CE,NIFTY26MAY2624000CE,72179,98.05,97.55,23987.9,520,88.245,112.7575,98.05,132729.9232556665,1701.5687511320045
2026-05-25T10:50:21,LTP,OK20260525104557,HALF,CE,NIFTY26MAY2624000CE,72179,98.05,96.05,23987.5,520,88.245,112.7575,98.05,132729.9232556665,1701.5687511320045
2026-05-25T10:50:32,LTP,OK20260525104557,HALF,CE,NIFTY26MAY2624000CE,72179,98.05,95.45,23987.0,520,88.245,112.7575,98.05,132729.9232556665,1701.5687511320045
2026-05-25T10:50:43,LTP,OK20260525104557,HALF,CE,NIFTY26MAY2624000CE,72179,98.05,95.0,23984.6,520,88.245,112.7575,98.05,132729.9232556665,1701.5687511320045
2026-05-25T10:50:53,LTP,OK20260525104557,HALF,CE,NIFTY26MAY2624000CE,72179,98.05,95.1,23985.25,520,88.245,112.7575,98.05,132729.9232556665,1701.5687511320045
2026-05-25T10:51:04,LTP,OK20260525104557,HALF,CE,NIFTY26MAY2624000CE,72179,98.05,94.65,23983.35,520,88.245,112.7575,98.05,132729.9232556665,1701.5687511320045
2026-05-25T10:51:15,LTP,OK20260525104557,HALF,CE,NIFTY26MAY2624000CE,72179,98.05,92.4,23980.9,520,88.245,112.7575,98.05,132729.9232556665,1701.5687511320045
2026-05-25T10:51:26,LTP,OK20260525104557,HALF,CE,NIFTY26MAY2624000CE,72179,98.05,91.8,23979.5,520,88.245,112.7575,98.05,132729.9232556665,1701.5687511320045
2026-05-25T10:51:37,LTP,OK20260525104557,HALF,CE,NIFTY26MAY2624000CE,72179,98.05,92.0,23979.85,520,88.245,112.7575,98.05,132729.9232556665,1701.5687511320045
2026-05-25T10:51:48,LTP,OK20260525104557,HALF,CE,NIFTY26MAY2624000CE,72179,98.05,92.15,23980.55,520,88.245,112.7575,98.05,132729.9232556665,1701.5687511320045
2026-05-25T10:51:59,LTP,OK20260525104557,HALF,CE,NIFTY26MAY2624000CE,72179,98.05,92.5,23980.05,520,88.245,112.7575,98.05,132729.9232556665,1701.5687511320045
2026-05-25T10:52:10,LTP,OK20260525104557,HALF,CE,NIFTY26MAY2624000CE,72179,98.05,91.4,23978.25,520,88.245,112.7575,98.05,132729.9232556665,1701.5687511320045
2026-05-25T10:52:20,LTP,OK20260525104557,HALF,CE,NIFTY26MAY2624000CE,72179,98.05,92.1,23979.0,520,88.245,112.7575,98.05,132729.9232556665,1701.5687511320045
2026-05-25T10:52:31,LTP,OK20260525104557,HALF,CE,NIFTY26MAY2624000CE,72179,98.05,92.5,23980.7,520,88.245,112.7575,98.05,132729.9232556665,1701.5687511320045
2026-05-25T10:52:42,LTP,OK20260525104557,HALF,CE,NIFTY26MAY2624000CE,72179,98.05,93.6,23983.25,520,88.245,112.7575,98.05,132729.9232556665,1701.5687511320045
2026-05-25T10:52:53,LTP,OK20260525104557,HALF,CE,NIFTY26MAY2624000CE,72179,98.05,93.5,23981.7,520,88.245,112.7575,98.05,132729.9232556665,1701.5687511320045
2026-05-25T10:53:04,LTP,OK20260525104557,HALF,CE,NIFTY26MAY2624000CE,72179,98.05,94.3,23982.35,520,88.245,112.7575,98.05,132729.9232556665,1701.5687511320045
2026-05-25T10:53:14,LTP,OK20260525104557,HALF,CE,NIFTY26MAY2624000CE,72179,98.05,94.0,23981.25,520,88.245,112.7575,98.05,132729.9232556665,1701.5687511320045
2026-05-25T10:53:25,LTP,OK20260525104557,HALF,CE,NIFTY26MAY2624000CE,72179,98.05,93.95,23980.9,520,88.245,112.7575,98.05,132729.9232556665,1701.5687511320045
2026-05-25T10:53:36,LTP,OK20260525104557,HALF,CE,NIFTY26MAY2624000CE,72179,98.05,95.4,23982.95,520,88.245,112.7575,98.05,132729.9232556665,1701.5687511320045
2026-05-25T10:53:47,LTP,OK20260525104557,HALF,CE,NIFTY26MAY2624000CE,72179,98.05,94.9,23983.1,520,88.245,112.7575,98.05,132729.9232556665,1701.5687511320045
2026-05-25T10:53:58,LTP,OK20260525104557,HALF,CE,NIFTY26MAY2624000CE,72179,98.05,95.35,23983.15,520,88.245,112.7575,98.05,132729.9232556665,1701.5687511320045
2026-05-25T10:54:11,LTP,OK20260525104557,HALF,CE,NIFTY26MAY2624000CE,72179,98.05,96.1,23983.4,520,88.245,112.7575,98.05,132729.9232556665,1701.5687511320045
2026-05-25T10:54:21,LTP,OK20260525104557,HALF,CE,NIFTY26MAY2624000CE,72179,98.05,96.25,23986.65,520,88.245,112.7575,98.05,132729.9232556665,1701.5687511320045
2026-05-25T10:54:32,LTP,OK20260525104557,HALF,CE,NIFTY26MAY2624000CE,72179,98.05,96.4,23988.25,520,88.245,112.7575,98.05,132729.9232556665,1701.5687511320045
2026-05-25T10:54:43,LTP,OK20260525104557,HALF,CE,NIFTY26MAY2624000CE,72179,98.05,95.8,23986.95,520,88.245,112.7575,98.05,132729.9232556665,1701.5687511320045
2026-05-25T10:54:54,LTP,OK20260525104557,HALF,CE,NIFTY26MAY2624000CE,72179,98.05,96.4,23989.0,520,88.245,112.7575,98.05,132729.9232556665,1701.5687511320045
2026-05-25T10:55:05,LTP,OK20260525104557,HALF,CE,NIFTY26MAY2624000CE,72179,98.05,97.4,23988.3,520,88.245,112.7575,98.05,132729.9232556665,1701.5687511320045
2026-05-25T10:55:15,LTP,OK20260525104557,HALF,CE,NIFTY26MAY2624000CE,72179,98.05,94.15,23986.4,520,88.245,112.7575,98.05,132729.9232556665,1701.5687511320045
2026-05-25T10:55:26,LTP,OK20260525104557,HALF,CE,NIFTY26MAY2624000CE,72179,98.05,92.65,23985.15,520,88.245,112.7575,98.05,132729.9232556665,1701.5687511320045
2026-05-25T10:55:37,LTP,OK20260525104557,HALF,CE,NIFTY26MAY2624000CE,72179,98.05,92.5,23982.45,520,88.245,112.7575,98.05,132729.9232556665,1701.5687511320045
2026-05-25T10:55:48,LTP,OK20260525104557,HALF,CE,NIFTY26MAY2624000CE,72179,98.05,92.75,23983.3,520,88.245,112.7575,98.05,132729.9232556665,1701.5687511320045
2026-05-25T10:55:59,LTP,OK20260525104557,HALF,CE,NIFTY26MAY2624000CE,72179,98.05,91.75,23981.25,520,88.245,112.7575,98.05,132729.9232556665,1701.5687511320045
2026-05-25T10:56:10,LTP,OK20260525104557,HALF,CE,NIFTY26MAY2624000CE,72179,98.05,91.7,23982.6,520,88.245,112.7575,98.05,132729.9232556665,1701.5687511320045
2026-05-25T10:56:21,LTP,OK20260525104557,HALF,CE,NIFTY26MAY2624000CE,72179,98.05,93.3,23983.35,520,88.245,112.7575,98.05,132729.9232556665,1701.5687511320045
2026-05-25T10:56:31,LTP,OK20260525104557,HALF,CE,NIFTY26MAY2624000CE,72179,98.05,93.25,23983.4,520,88.245,112.7575,98.05,132729.9232556665,1701.5687511320045
2026-05-25T10:56:42,LTP,OK20260525104557,HALF,CE,NIFTY26MAY2624000CE,72179,98.05,93.45,23983.7,520,88.245,112.7575,98.05,132729.9232556665,1701.5687511320045
2026-05-25T10:56:53,LTP,OK20260525104557,HALF,CE,NIFTY26MAY2624000CE,72179,98.05,93.25,23984.3,520,88.245,112.7575,98.05,132729.9232556665,1701.5687511320045
2026-05-25T10:57:04,LTP,OK20260525104557,HALF,CE,NIFTY26MAY2624000CE,72179,98.05,92.15,23983.35,520,88.245,112.7575,98.05,132729.9232556665,1701.5687511320045
2026-05-25T10:57:15,LTP,OK20260525104557,HALF,CE,NIFTY26MAY2624000CE,72179,98.05,92.15,23980.85,520,88.245,112.7575,98.05,132729.9232556665,1701.5687511320045
2026-05-25T10:57:26,LTP,OK20260525104557,HALF,CE,NIFTY26MAY2624000CE,72179,98.05,92.35,23979.85,520,88.245,112.7575,98.05,132729.9232556665,1701.5687511320045
2026-05-25T10:57:37,LTP,OK20260525104557,HALF,CE,NIFTY26MAY2624000CE,72179,98.05,92.6,23981.05,520,88.245,112.7575,98.05,132729.9232556665,1701.5687511320045
2026-05-25T10:57:48,LTP,OK20260525104557,HALF,CE,NIFTY26MAY2624000CE,72179,98.05,91.4,23978.05,520,88.245,112.7575,98.05,132729.9232556665,1701.5687511320045
2026-05-25T10:57:59,LTP,OK20260525104557,HALF,CE,NIFTY26MAY2624000CE,72179,98.05,90.8,23977.7,520,88.245,112.7575,98.05,132729.9232556665,1701.5687511320045
2026-05-25T10:58:10,LTP,OK20260525104557,HALF,CE,NIFTY26MAY2624000CE,72179,98.05,90.6,23976.85,520,88.245,112.7575,98.05,132729.9232556665,1701.5687511320045
2026-05-25T10:58:21,LTP,OK20260525104557,HALF,CE,NIFTY26MAY2624000CE,72179,98.05,90.35,23974.85,520,88.245,112.7575,98.05,132729.9232556665,1701.5687511320045
2026-05-25T10:58:32,LTP,OK20260525104557,HALF,CE,NIFTY26MAY2624000CE,72179,98.05,90.65,23977.35,520,88.245,112.7575,98.05,132729.9232556665,1701.5687511320045
2026-05-25T10:58:43,LTP,OK20260525104557,HALF,CE,NIFTY26MAY2624000CE,72179,98.05,90.5,23975.25,520,88.245,112.7575,98.05,132729.9232556665,1701.5687511320045
2026-05-25T11:13:19,LTP,OK20260525111308,HALF,CE,NIFTY26MAY2624000CE,72179,95.45,95.75,23987.85,585,85.905,109.7675,95.45,128357.9424857465,-2670.4120187879926
2026-05-25T11:13:30,LTP,OK20260525111308,HALF,CE,NIFTY26MAY2624000CE,72179,95.45,95.5,23986.65,585,85.905,109.7675,95.45,128357.9424857465,-2670.4120187879926
2026-05-25T11:13:40,LTP,OK20260525111308,HALF,CE,NIFTY26MAY2624000CE,72179,95.45,94.2,23985.65,585,85.905,109.7675,95.45,128357.9424857465,-2670.4120187879926
2026-05-25T11:13:51,LTP,OK20260525111308,HALF,CE,NIFTY26MAY2624000CE,72179,95.45,94.85,23987.95,585,85.905,109.7675,95.45,128357.9424857465,-2670.4120187879926
2026-05-25T11:14:02,LTP,OK20260525111308,HALF,CE,NIFTY26MAY2624000CE,72179,95.45,94.95,23988.75,585,85.905,109.7675,95.45,128357.9424857465,-2670.4120187879926
2026-05-25T11:14:13,LTP,OK20260525111308,HALF,CE,NIFTY26MAY2624000CE,72179,95.45,93.75,23986.25,585,85.905,109.7675,95.45,128357.9424857465,-2670.4120187879926
2026-05-25T11:14:24,LTP,OK20260525111308,HALF,CE,NIFTY26MAY2624000CE,72179,95.45,93.95,23985.45,585,85.905,109.7675,95.45,128357.9424857465,-2670.4120187879926
2026-05-25T11:14:34,LTP,OK20260525111308,HALF,CE,NIFTY26MAY2624000CE,72179,95.45,93.85,23984.75,585,85.905,109.7675,95.45,128357.9424857465,-2670.4120187879926
2026-05-25T11:14:45,LTP,OK20260525111308,HALF,CE,NIFTY26MAY2624000CE,72179,95.45,93.85,23984.0,585,85.905,109.7675,95.45,128357.9424857465,-2670.4120187879926
2026-05-25T11:14:56,LTP,OK20260525111308,HALF,CE,NIFTY26MAY2624000CE,72179,95.45,94.75,23985.95,585,85.905,109.7675,95.45,128357.9424857465,-2670.4120187879926
2026-05-25T11:15:07,LTP,OK20260525111308,HALF,CE,NIFTY26MAY2624000CE,72179,95.45,94.6,23988.25,585,85.905,109.7675,95.45,128357.9424857465,-2670.4120187879926
2026-05-25T11:15:18,LTP,OK20260525111308,HALF,CE,NIFTY26MAY2624000CE,72179,95.45,94.85,23987.15,585,85.905,109.7675,95.45,128357.9424857465,-2670.4120187879926
2026-05-25T11:15:29,LTP,OK20260525111308,HALF,CE,NIFTY26MAY2624000CE,72179,95.45,93.4,23985.3,585,85.905,109.7675,95.45,128357.9424857465,-2670.4120187879926
2026-05-25T11:15:39,LTP,OK20260525111308,HALF,CE,NIFTY26MAY2624000CE,72179,95.45,94.6,23986.2,585,85.905,109.7675,95.45,128357.9424857465,-2670.4120187879926
2026-05-25T11:15:50,LTP,OK20260525111308,HALF,CE,NIFTY26MAY2624000CE,72179,95.45,94.0,23986.75,585,85.905,109.7675,95.45,128357.9424857465,-2670.4120187879926
2026-05-25T11:16:01,LTP,OK20260525111308,HALF,CE,NIFTY26MAY2624000CE,72179,95.45,93.8,23986.65,585,85.905,109.7675,95.45,128357.9424857465,-2670.4120187879926
2026-05-25T11:16:12,LTP,OK20260525111308,HALF,CE,NIFTY26MAY2624000CE,72179,95.45,94.0,23986.55,585,85.905,109.7675,95.45,128357.9424857465,-2670.4120187879926
2026-05-25T11:16:23,LTP,OK20260525111308,HALF,CE,NIFTY26MAY2624000CE,72179,95.45,94.0,23986.9,585,85.905,109.7675,95.45,128357.9424857465,-2670.4120187879926
2026-05-25T11:16:34,LTP,OK20260525111308,HALF,CE,NIFTY26MAY2624000CE,72179,95.45,94.35,23987.3,585,85.905,109.7675,95.45,128357.9424857465,-2670.4120187879926
2026-05-25T11:16:45,LTP,OK20260525111308,HALF,CE,NIFTY26MAY2624000CE,72179,95.45,93.7,23987.05,585,85.905,109.7675,95.45,128357.9424857465,-2670.4120187879926
2026-05-25T11:16:57,LTP,OK20260525111308,HALF,CE,NIFTY26MAY2624000CE,72179,95.45,92.55,23986.0,585,85.905,109.7675,95.45,128357.9424857465,-2670.4120187879926
2026-05-25T11:17:08,LTP,OK20260525111308,HALF,CE,NIFTY26MAY2624000CE,72179,95.45,91.0,23982.85,585,85.905,109.7675,95.45,128357.9424857465,-2670.4120187879926
2026-05-25T11:17:19,LTP,OK20260525111308,HALF,CE,NIFTY26MAY2624000CE,72179,95.45,91.0,23982.3,585,85.905,109.7675,95.45,128357.9424857465,-2670.4120187879926
2026-05-25T11:17:30,LTP,OK20260525111308,HALF,CE,NIFTY26MAY2624000CE,72179,95.45,92.5,23982.9,585,85.905,109.7675,95.45,128357.9424857465,-2670.4120187879926
2026-05-25T11:17:40,LTP,OK20260525111308,HALF,CE,NIFTY26MAY2624000CE,72179,95.45,90.85,23981.25,585,85.905,109.7675,95.45,128357.9424857465,-2670.4120187879926
2026-05-25T11:17:51,LTP,OK20260525111308,HALF,CE,NIFTY26MAY2624000CE,72179,95.45,91.35,23980.3,585,85.905,109.7675,95.45,128357.9424857465,-2670.4120187879926
2026-05-25T11:18:02,LTP,OK20260525111308,HALF,CE,NIFTY26MAY2624000CE,72179,95.45,90.5,23981.5,585,85.905,109.7675,95.45,128357.9424857465,-2670.4120187879926
2026-05-25T11:18:13,LTP,OK20260525111308,HALF,CE,NIFTY26MAY2624000CE,72179,95.45,90.55,23981.1,585,85.905,109.7675,95.45,128357.9424857465,-2670.4120187879926
2026-05-25T11:18:24,LTP,OK20260525111308,HALF,CE,NIFTY26MAY2624000CE,72179,95.45,90.45,23980.55,585,85.905,109.7675,95.45,128357.9424857465,-2670.4120187879926
2026-05-25T11:18:35,LTP,OK20260525111308,HALF,CE,NIFTY26MAY2624000CE,72179,95.45,89.85,23978.95,585,85.905,109.7675,95.45,128357.9424857465,-2670.4120187879926
2026-05-25T11:18:45,LTP,OK20260525111308,HALF,CE,NIFTY26MAY2624000CE,72179,95.45,88.7,23978.3,585,85.905,109.7675,95.45,128357.9424857465,-2670.4120187879926
2026-05-25T11:18:56,LTP,OK20260525111308,HALF,CE,NIFTY26MAY2624000CE,72179,95.45,90.2,23979.25,585,85.905,109.7675,95.45,128357.9424857465,-2670.4120187879926
2026-05-25T11:19:07,LTP,OK20260525111308,HALF,CE,NIFTY26MAY2624000CE,72179,95.45,90.65,23980.3,585,85.905,109.7675,95.45,128357.9424857465,-2670.4120187879926
2026-05-25T11:19:18,LTP,OK20260525111308,HALF,CE,NIFTY26MAY2624000CE,72179,95.45,91.5,23978.55,585,85.905,109.7675,95.45,128357.9424857465,-2670.4120187879926
2026-05-25T11:19:28,LTP,OK20260525111308,HALF,CE,NIFTY26MAY2624000CE,72179,95.45,92.0,23980.45,585,85.905,109.7675,95.45,128357.9424857465,-2670.4120187879926
2026-05-25T11:19:39,LTP,OK20260525111308,HALF,CE,NIFTY26MAY2624000CE,72179,95.45,91.9,23980.65,585,85.905,109.7675,95.45,128357.9424857465,-2670.4120187879926
2026-05-25T11:19:50,LTP,OK20260525111308,HALF,CE,NIFTY26MAY2624000CE,72179,95.45,91.0,23980.95,585,85.905,109.7675,95.45,128357.9424857465,-2670.4120187879926
2026-05-25T11:20:01,LTP,OK20260525111308,HALF,CE,NIFTY26MAY2624000CE,72179,95.45,90.95,23980.05,585,85.905,109.7675,95.45,128357.9424857465,-2670.4120187879926
2026-05-25T11:20:12,LTP,OK20260525111308,HALF,CE,NIFTY26MAY2624000CE,72179,95.45,90.3,23979.55,585,85.905,109.7675,95.45,128357.9424857465,-2670.4120187879926
2026-05-25T11:20:24,LTP,OK20260525111308,HALF,CE,NIFTY26MAY2624000CE,72179,95.45,89.3,23976.9,585,85.905,109.7675,95.45,128357.9424857465,-2670.4120187879926
2026-05-25T11:20:35,LTP,OK20260525111308,HALF,CE,NIFTY26MAY2624000CE,72179,95.45,89.25,23977.2,585,85.905,109.7675,95.45,128357.9424857465,-2670.4120187879926
2026-05-25T11:20:46,LTP,OK20260525111308,HALF,CE,NIFTY26MAY2624000CE,72179,95.45,88.2,23976.3,585,85.905,109.7675,95.45,128357.9424857465,-2670.4120187879926
2026-05-25T11:20:57,LTP,OK20260525111308,HALF,CE,NIFTY26MAY2624000CE,72179,95.45,88.5,23977.4,585,85.905,109.7675,95.45,128357.9424857465,-2670.4120187879926
2026-05-25T11:21:07,LTP,OK20260525111308,HALF,CE,NIFTY26MAY2624000CE,72179,95.45,88.8,23977.4,585,85.905,109.7675,95.45,128357.9424857465,-2670.4120187879926
2026-05-25T11:21:18,LTP,OK20260525111308,HALF,CE,NIFTY26MAY2624000CE,72179,95.45,89.1,23978.25,585,85.905,109.7675,95.45,128357.9424857465,-2670.4120187879926
2026-05-25T13:28:37,LTP,OK20260525132825,HALF,CE,NIFTY26MAY2624000CE,72179,85.8,85.0,23984.55,585,77.22,98.67,85.8,119195.78300174251,-11832.571502792
2026-05-25T13:28:47,LTP,OK20260525132825,HALF,CE,NIFTY26MAY2624000CE,72179,85.8,83.85,23983.85,585,77.22,98.67,85.8,119195.78300174251,-11832.571502792
2026-05-25T13:28:59,LTP,OK20260525132825,HALF,CE,NIFTY26MAY2624000CE,72179,85.8,83.1,23985.4,585,77.22,98.67,85.8,119195.78300174251,-11832.571502792
2026-05-25T13:29:10,LTP,OK20260525132825,HALF,CE,NIFTY26MAY2624000CE,72179,85.8,83.15,23983.95,585,77.22,98.67,85.8,119195.78300174251,-11832.571502792
2026-05-25T13:29:21,LTP,OK20260525132825,HALF,CE,NIFTY26MAY2624000CE,72179,85.8,84.2,23983.6,585,77.22,98.67,85.8,119195.78300174251,-11832.571502792
2026-05-25T13:29:32,LTP,OK20260525132825,HALF,CE,NIFTY26MAY2624000CE,72179,85.8,83.35,23983.1,585,77.22,98.67,85.8,119195.78300174251,-11832.571502792
2026-05-25T13:29:43,LTP,OK20260525132825,HALF,CE,NIFTY26MAY2624000CE,72179,85.8,84.1,23983.9,585,77.22,98.67,85.8,119195.78300174251,-11832.571502792
2026-05-25T13:29:54,LTP,OK20260525132825,HALF,CE,NIFTY26MAY2624000CE,72179,85.8,84.4,23985.15,585,77.22,98.67,85.8,119195.78300174251,-11832.571502792
2026-05-25T13:30:36,LTP,OK20260525132825,HALF,CE,NIFTY26MAY2624000CE,72179,85.8,82.1,23983.35,585,77.22,98.67,85.8,119195.78300174251,-11832.571502792
2026-05-25T13:30:46,LTP,OK20260525132825,HALF,CE,NIFTY26MAY2624000CE,72179,85.8,81.7,23982.75,585,77.22,98.67,85.8,119195.78300174251,-11832.571502792
2026-05-25T13:30:57,LTP,OK20260525132825,HALF,CE,NIFTY26MAY2624000CE,72179,85.8,81.55,23982.0,585,77.22,98.67,85.8,119195.78300174251,-11832.571502792
2026-05-25T13:31:08,LTP,OK20260525132825,HALF,CE,NIFTY26MAY2624000CE,72179,85.8,83.5,23983.55,585,77.22,98.67,85.8,119195.78300174251,-11832.571502792
2026-05-25T13:31:19,LTP,OK20260525132825,HALF,CE,NIFTY26MAY2624000CE,72179,85.8,84.9,23985.2,585,77.22,98.67,85.8,119195.78300174251,-11832.571502792
2026-05-25T13:31:30,LTP,OK20260525132825,HALF,CE,NIFTY26MAY2624000CE,72179,85.8,85.85,23987.3,585,77.22,98.67,85.8,119195.78300174251,-11832.571502792
2026-05-25T13:31:41,LTP,OK20260525132825,HALF,CE,NIFTY26MAY2624000CE,72179,85.8,86.25,23986.35,585,77.22,98.67,85.8,119195.78300174251,-11832.571502792
2026-05-25T13:31:52,LTP,OK20260525132825,HALF,CE,NIFTY26MAY2624000CE,72179,85.8,85.75,23988.7,585,77.22,98.67,85.8,119195.78300174251,-11832.571502792
2026-05-25T13:32:03,LTP,OK20260525132825,HALF,CE,NIFTY26MAY2624000CE,72179,85.8,86.45,23987.85,585,77.22,98.67,85.8,119195.78300174251,-11832.571502792
2026-05-25T13:32:14,LTP,OK20260525132825,HALF,CE,NIFTY26MAY2624000CE,72179,85.8,86.8,23989.3,585,77.22,98.67,85.8,119195.78300174251,-11832.571502792
2026-05-25T13:32:25,LTP,OK20260525132825,HALF,CE,NIFTY26MAY2624000CE,72179,85.8,86.15,23988.65,585,77.22,98.67,85.8,119195.78300174251,-11832.571502792
2026-05-25T13:32:36,LTP,OK20260525132825,HALF,CE,NIFTY26MAY2624000CE,72179,85.8,84.3,23988.25,585,77.22,98.67,85.8,119195.78300174251,-11832.571502792
2026-05-25T13:32:46,LTP,OK20260525132825,HALF,CE,NIFTY26MAY2624000CE,72179,85.8,84.85,23986.7,585,77.22,98.67,85.8,119195.78300174251,-11832.571502792
2026-05-25T13:32:57,LTP,OK20260525132825,HALF,CE,NIFTY26MAY2624000CE,72179,85.8,83.5,23985.8,585,77.22,98.67,85.8,119195.78300174251,-11832.571502792
2026-05-25T13:33:08,LTP,OK20260525132825,HALF,CE,NIFTY26MAY2624000CE,72179,85.8,83.45,23985.85,585,77.22,98.67,85.8,119195.78300174251,-11832.571502792
2026-05-25T13:33:22,LTP,OK20260525132825,HALF,CE,NIFTY26MAY2624000CE,72179,85.8,83.2,23983.85,585,77.22,98.67,85.8,119195.78300174251,-11832.571502792
2026-05-25T13:33:33,LTP,OK20260525132825,HALF,CE,NIFTY26MAY2624000CE,72179,85.8,82.85,23985.45,585,77.22,98.67,85.8,119195.78300174251,-11832.571502792
2026-05-25T13:33:44,LTP,OK20260525132825,HALF,CE,NIFTY26MAY2624000CE,72179,85.8,83.4,23986.45,585,77.22,98.67,85.8,119195.78300174251,-11832.571502792
2026-05-25T13:33:55,LTP,OK20260525132825,HALF,CE,NIFTY26MAY2624000CE,72179,85.8,83.55,23986.95,585,77.22,98.67,85.8,119195.78300174251,-11832.571502792
2026-05-25T13:34:06,LTP,OK20260525132825,HALF,CE,NIFTY26MAY2624000CE,72179,85.8,83.6,23987.05,585,77.22,98.67,85.8,119195.78300174251,-11832.571502792
2026-05-25T13:34:17,LTP,OK20260525132825,HALF,CE,NIFTY26MAY2624000CE,72179,85.8,84.05,23987.5,585,77.22,98.67,85.8,119195.78300174251,-11832.571502792
2026-05-25T13:34:28,LTP,OK20260525132825,HALF,CE,NIFTY26MAY2624000CE,72179,85.8,84.45,23988.8,585,77.22,98.67,85.8,119195.78300174251,-11832.571502792
2026-05-25T13:34:39,LTP,OK20260525132825,HALF,CE,NIFTY26MAY2624000CE,72179,85.8,84.85,23989.6,585,77.22,98.67,85.8,119195.78300174251,-11832.571502792
2026-05-25T13:34:50,LTP,OK20260525132825,HALF,CE,NIFTY26MAY2624000CE,72179,85.8,83.9,23988.35,585,77.22,98.67,85.8,119195.78300174251,-11832.571502792
2026-05-25T13:35:01,LTP,OK20260525132825,HALF,CE,NIFTY26MAY2624000CE,72179,85.8,84.25,23988.5,585,77.22,98.67,85.8,119195.78300174251,-11832.571502792
2026-05-25T13:35:12,LTP,OK20260525132825,HALF,CE,NIFTY26MAY2624000CE,72179,85.8,84.2,23987.95,585,77.22,98.67,85.8,119195.78300174251,-11832.571502792
2026-05-25T13:35:25,LTP,OK20260525132825,HALF,CE,NIFTY26MAY2624000CE,72179,85.8,82.6,23986.1,585,77.22,98.67,85.8,119195.78300174251,-11832.571502792
2026-05-25T13:35:36,LTP,OK20260525132825,HALF,CE,NIFTY26MAY2624000CE,72179,85.8,82.55,23984.55,585,77.22,98.67,85.8,119195.78300174251,-11832.571502792
2026-05-25T13:35:47,LTP,OK20260525132825,HALF,CE,NIFTY26MAY2624000CE,72179,85.8,82.3,23983.65,585,77.22,98.67,85.8,119195.78300174251,-11832.571502792
2026-05-25T13:35:58,LTP,OK20260525132825,HALF,CE,NIFTY26MAY2624000CE,72179,85.8,83.2,23985.3,585,77.22,98.67,85.8,119195.78300174251,-11832.571502792
2026-05-25T13:36:08,LTP,OK20260525132825,HALF,CE,NIFTY26MAY2624000CE,72179,85.8,82.45,23984.05,585,77.22,98.67,85.8,119195.78300174251,-11832.571502792
2026-05-25T13:36:19,LTP,OK20260525132825,HALF,CE,NIFTY26MAY2624000CE,72179,85.8,81.75,23983.55,585,77.22,98.67,85.8,119195.78300174251,-11832.571502792
2026-05-25T13:36:30,LTP,OK20260525132825,HALF,CE,NIFTY26MAY2624000CE,72179,85.8,82.45,23983.6,585,77.22,98.67,85.8,119195.78300174251,-11832.571502792
2026-05-25T13:36:41,LTP,OK20260525132825,HALF,CE,NIFTY26MAY2624000CE,72179,85.8,82.2,23981.65,585,77.22,98.67,85.8,119195.78300174251,-11832.571502792
2026-05-25T13:36:52,LTP,OK20260525132825,HALF,CE,NIFTY26MAY2624000CE,72179,85.8,82.25,23981.8,585,77.22,98.67,85.8,119195.78300174251,-11832.571502792
2026-05-25T13:37:03,LTP,OK20260525132825,HALF,CE,NIFTY26MAY2624000CE,72179,85.8,81.55,23980.5,585,77.22,98.67,85.8,119195.78300174251,-11832.571502792
2026-05-25T13:37:14,LTP,OK20260525132825,HALF,CE,NIFTY26MAY2624000CE,72179,85.8,81.35,23980.0,585,77.22,98.67,85.8,119195.78300174251,-11832.571502792
2026-05-25T13:37:25,LTP,OK20260525132825,HALF,CE,NIFTY26MAY2624000CE,72179,85.8,81.5,23979.5,585,77.22,98.67,85.8,119195.78300174251,-11832.571502792
2026-05-25T13:37:35,LTP,OK20260525132825,HALF,CE,NIFTY26MAY2624000CE,72179,85.8,83.0,23979.7,585,77.22,98.67,85.8,119195.78300174251,-11832.571502792
2026-05-25T13:37:46,LTP,OK20260525132825,HALF,CE,NIFTY26MAY2624000CE,72179,85.8,82.75,23982.0,585,77.22,98.67,85.8,119195.78300174251,-11832.571502792
2026-05-25T13:37:57,LTP,OK20260525132825,HALF,CE,NIFTY26MAY2624000CE,72179,85.8,82.1,23980.7,585,77.22,98.67,85.8,119195.78300174251,-11832.571502792
2026-05-25T13:38:08,LTP,OK20260525132825,HALF,CE,NIFTY26MAY2624000CE,72179,85.8,81.6,23980.45,585,77.22,98.67,85.8,119195.78300174251,-11832.571502792
2026-05-25T13:38:19,LTP,OK20260525132825,HALF,CE,NIFTY26MAY2624000CE,72179,85.8,81.7,23980.15,585,77.22,98.67,85.8,119195.78300174251,-11832.571502792
2026-05-25T13:38:30,LTP,OK20260525132825,HALF,CE,NIFTY26MAY2624000CE,72179,85.8,81.2,23980.85,585,77.22,98.67,85.8,119195.78300174251,-11832.571502792
2026-05-25T13:38:41,LTP,OK20260525132825,HALF,CE,NIFTY26MAY2624000CE,72179,85.8,81.15,23979.85,585,77.22,98.67,85.8,119195.78300174251,-11832.571502792
2026-05-25T13:38:52,LTP,OK20260525132825,HALF,CE,NIFTY26MAY2624000CE,72179,85.8,80.9,23979.85,585,77.22,98.67,85.8,119195.78300174251,-11832.571502792
2026-05-25T13:39:03,LTP,OK20260525132825,HALF,CE,NIFTY26MAY2624000CE,72179,85.8,80.55,23980.2,585,77.22,98.67,85.8,119195.78300174251,-11832.571502792
2026-05-25T13:39:16,LTP,OK20260525132825,HALF,CE,NIFTY26MAY2624000CE,72179,85.8,80.1,23978.0,585,77.22,98.67,85.8,119195.78300174251,-11832.571502792
2026-05-25T13:39:27,LTP,OK20260525132825,HALF,CE,NIFTY26MAY2624000CE,72179,85.8,80.15,23977.7,585,77.22,98.67,85.8,119195.78300174251,-11832.571502792
2026-05-25T13:39:38,LTP,OK20260525132825,HALF,CE,NIFTY26MAY2624000CE,72179,85.8,80.85,23978.2,585,77.22,98.67,85.8,119195.78300174251,-11832.571502792
2026-05-25T13:39:49,LTP,OK20260525132825,HALF,CE,NIFTY26MAY2624000CE,72179,85.8,81.7,23978.95,585,77.22,98.67,85.8,119195.78300174251,-11832.571502792
2026-05-25T13:40:00,LTP,OK20260525132825,HALF,CE,NIFTY26MAY2624000CE,72179,85.8,81.95,23980.6,585,77.22,98.67,85.8,119195.78300174251,-11832.571502792
2026-05-25T13:40:11,LTP,OK20260525132825,HALF,CE,NIFTY26MAY2624000CE,72179,85.8,81.25,23979.05,585,77.22,98.67,85.8,119195.78300174251,-11832.571502792
2026-05-25T13:40:22,LTP,OK20260525132825,HALF,CE,NIFTY26MAY2624000CE,72179,85.8,81.25,23977.9,585,77.22,98.67,85.8,119195.78300174251,-11832.571502792
2026-05-25T13:40:33,LTP,OK20260525132825,HALF,CE,NIFTY26MAY2624000CE,72179,85.8,81.3,23978.55,585,77.22,98.67,85.8,119195.78300174251,-11832.571502792
2026-05-25T13:40:45,LTP,OK20260525132825,HALF,CE,NIFTY26MAY2624000CE,72179,85.8,80.8,23978.2,585,77.22,98.67,85.8,119195.78300174251,-11832.571502792
2026-05-25T13:40:56,LTP,OK20260525132825,HALF,CE,NIFTY26MAY2624000CE,72179,85.8,79.8,23977.3,585,77.22,98.67,85.8,119195.78300174251,-11832.571502792
2026-05-25T13:41:08,LTP,OK20260525132825,HALF,CE,NIFTY26MAY2624000CE,72179,85.8,80.25,23976.3,585,77.22,98.67,85.8,119195.78300174251,-11832.571502792
2026-05-25T13:41:19,LTP,OK20260525132825,HALF,CE,NIFTY26MAY2624000CE,72179,85.8,80.4,23977.45,585,77.22,98.67,85.8,119195.78300174251,-11832.571502792
2026-05-25T13:41:30,LTP,OK20260525132825,HALF,CE,NIFTY26MAY2624000CE,72179,85.8,79.8,23977.4,585,77.22,98.67,85.8,119195.78300174251,-11832.571502792
2026-05-25T13:41:41,LTP,OK20260525132825,HALF,CE,NIFTY26MAY2624000CE,72179,85.8,79.4,23977.55,585,77.22,98.67,85.8,119195.78300174251,-11832.571502792
2026-05-25T13:41:52,LTP,OK20260525132825,HALF,CE,NIFTY26MAY2624000CE,72179,85.8,79.6,23976.7,585,77.22,98.67,85.8,119195.78300174251,-11832.571502792
2026-05-25T13:45:31,LTP,OK20260525134520,HALF,PE,NIFTY26MAY2623950PE,72178,79.25,76.9,23966.75,650,71.325,91.1375,79.25,114154.22403784627,-16874.130466688246
2026-05-25T13:45:43,LTP,OK20260525134520,HALF,PE,NIFTY26MAY2623950PE,72178,79.25,76.35,23968.7,650,71.325,91.1375,79.25,114154.22403784627,-16874.130466688246
2026-05-25T13:45:53,LTP,OK20260525134520,HALF,PE,NIFTY26MAY2623950PE,72178,79.25,76.6,23967.65,650,71.325,91.1375,79.25,114154.22403784627,-16874.130466688246
2026-05-25T13:46:05,LTP,OK20260525134520,HALF,PE,NIFTY26MAY2623950PE,72178,79.25,76.05,23969.3,650,71.325,91.1375,79.25,114154.22403784627,-16874.130466688246
2026-05-25T13:46:17,LTP,OK20260525134520,HALF,PE,NIFTY26MAY2623950PE,72178,79.25,76.65,23968.95,650,71.325,91.1375,79.25,114154.22403784627,-16874.130466688246
2026-05-25T13:46:28,LTP,OK20260525134520,HALF,PE,NIFTY26MAY2623950PE,72178,79.25,75.35,23968.55,650,71.325,91.1375,79.25,114154.22403784627,-16874.130466688246
2026-05-25T13:46:39,LTP,OK20260525134520,HALF,PE,NIFTY26MAY2623950PE,72178,79.25,75.1,23969.6,650,71.325,91.1375,79.25,114154.22403784627,-16874.130466688246
2026-05-25T13:46:50,LTP,OK20260525134520,HALF,PE,NIFTY26MAY2623950PE,72178,79.25,74.45,23970.05,650,71.325,91.1375,79.25,114154.22403784627,-16874.130466688246
2026-05-25T13:47:01,LTP,OK20260525134520,HALF,PE,NIFTY26MAY2623950PE,72178,79.25,74.2,23972.3,650,71.325,91.1375,79.25,114154.22403784627,-16874.130466688246
2026-05-25T13:47:12,LTP,OK20260525134520,HALF,PE,NIFTY26MAY2623950PE,72178,79.25,74.9,23970.45,650,71.325,91.1375,79.25,114154.22403784627,-16874.130466688246
2026-05-25T13:47:23,LTP,OK20260525134520,HALF,PE,NIFTY26MAY2623950PE,72178,79.25,73.5,23973.4,650,71.325,91.1375,79.25,114154.22403784627,-16874.130466688246
2026-05-25T13:47:34,LTP,OK20260525134520,HALF,PE,NIFTY26MAY2623950PE,72178,79.25,73.05,23972.45,650,71.325,91.1375,79.25,114154.22403784627,-16874.130466688246
2026-05-25T13:47:45,LTP,OK20260525134520,HALF,PE,NIFTY26MAY2623950PE,72178,79.25,73.3,23971.35,650,71.325,91.1375,79.25,114154.22403784627,-16874.130466688246
2026-05-25T14:08:36,LTP,OK20260525140825,HALF,PE,NIFTY26MAY2623950PE,72178,78.8,77.6,23963.1,715,70.92,90.62,78.8,109832.89527264127,-21195.45923189325
2026-05-25T14:08:47,LTP,OK20260525140825,HALF,PE,NIFTY26MAY2623950PE,72178,78.8,77.1,23963.65,715,70.92,90.62,78.8,109832.89527264127,-21195.45923189325
2026-05-25T14:08:58,LTP,OK20260525140825,HALF,PE,NIFTY26MAY2623950PE,72178,78.8,77.2,23963.8,715,70.92,90.62,78.8,109832.89527264127,-21195.45923189325
2026-05-25T14:09:09,LTP,OK20260525140825,HALF,PE,NIFTY26MAY2623950PE,72178,78.8,76.1,23964.35,715,70.92,90.62,78.8,109832.89527264127,-21195.45923189325
2026-05-25T14:09:20,LTP,OK20260525140825,HALF,PE,NIFTY26MAY2623950PE,72178,78.8,76.5,23963.8,715,70.92,90.62,78.8,109832.89527264127,-21195.45923189325
2026-05-25T14:09:31,LTP,OK20260525140825,HALF,PE,NIFTY26MAY2623950PE,72178,78.8,76.3,23964.1,715,70.92,90.62,78.8,109832.89527264127,-21195.45923189325
2026-05-25T14:09:43,LTP,OK20260525140825,HALF,PE,NIFTY26MAY2623950PE,72178,78.8,77.6,23962.65,715,70.92,90.62,78.8,109832.89527264127,-21195.45923189325
2026-05-25T14:09:56,LTP,OK20260525140825,HALF,PE,NIFTY26MAY2623950PE,72178,78.8,77.7,23961.9,715,70.92,90.62,78.8,109832.89527264127,-21195.45923189325
2026-05-25T14:10:07,LTP,OK20260525140825,HALF,PE,NIFTY26MAY2623950PE,72178,78.8,76.7,23962.85,715,70.92,90.62,78.8,109832.89527264127,-21195.45923189325
2026-05-25T14:10:20,LTP,OK20260525140825,HALF,PE,NIFTY26MAY2623950PE,72178,78.8,75.65,23962.75,715,70.92,90.62,78.8,109832.89527264127,-21195.45923189325
2026-05-25T14:10:31,LTP,OK20260525140825,HALF,PE,NIFTY26MAY2623950PE,72178,78.8,74.8,23964.7,715,70.92,90.62,78.8,109832.89527264127,-21195.45923189325
2026-05-25T14:10:42,LTP,OK20260525140825,HALF,PE,NIFTY26MAY2623950PE,72178,78.8,75.3,23963.85,715,70.92,90.62,78.8,109832.89527264127,-21195.45923189325
2026-05-25T14:10:54,LTP,OK20260525140825,HALF,PE,NIFTY26MAY2623950PE,72178,78.8,73.35,23967.75,715,70.92,90.62,78.8,109832.89527264127,-21195.45923189325
2026-05-25T14:11:05,LTP,OK20260525140825,HALF,PE,NIFTY26MAY2623950PE,72178,78.8,73.0,23968.4,715,70.92,90.62,78.8,109832.89527264127,-21195.45923189325
2026-05-25T14:11:16,LTP,OK20260525140825,HALF,PE,NIFTY26MAY2623950PE,72178,78.8,74.1,23968.45,715,70.92,90.62,78.8,109832.89527264127,-21195.45923189325
